step	accuracy
0	0.9783999919891357
1	0.9764999747276306
2	0.9768000245094299
3	0.9790999889373779
4	0.9796000123023987
